n,btree_ms,lsm_ms
1000,0.085063,0.109307
5000,0.405858,0.415279
10000,0.91042,1.58417
50000,5.96704,61.3924
100000,22.9641,124.396
500000,113.396,1150.5
