n,btree_ms,lsm_ms
1000,0.195259,0.832432
5000,0.647778,2.07618
10000,1.09291,7.11626
50000,4.9832,56.1653
100000,10.4279,130.637
500000,77.3938,827.001
